key,english,georgian,source
georgianCities.abasha,Abasha,,src/lib/georgian-cities.ts
georgianCities.adigeni,Adigeni,,src/lib/georgian-cities.ts
georgianCities.akhalkalaki,Akhalkalaki,,src/lib/georgian-cities.ts
georgianCities.akhaltsikhe,Akhaltsikhe,,src/lib/admin/home-page-content.ts
georgianCities.akhmeta,Akhmeta,,src/lib/georgian-cities.ts
georgianCities.ambrolauri,Ambrolauri,,src/lib/georgian-cities.ts
georgianCities.aspindza,Aspindza,,src/lib/georgian-cities.ts
georgianCities.baghdati,Baghdati,,src/lib/georgian-cities.ts
georgianCities.bolnisi,Bolnisi,,src/lib/georgian-cities.ts
georgianCities.borjomi,Borjomi,,src/lib/georgian-cities.ts
georgianCities.chiatura,Chiatura,,src/lib/georgian-cities.ts
georgianCities.chkhorotsqu,Chkhorotsqu,,src/lib/georgian-cities.ts
georgianCities.dedoplistsqaro,Dedoplistsqaro,,src/lib/georgian-cities.ts
georgianCities.dmanisi,Dmanisi,,src/lib/georgian-cities.ts
georgianCities.dusheti,Dusheti,,src/lib/georgian-cities.ts
georgianCities.gardabani,Gardabani,,src/lib/georgian-cities.ts
georgianCities.gori,Gori,,src/lib/admin/home-page-content.ts
georgianCities.guria,Guria,,src/lib/georgian-cities.ts
georgianCities.gurjaani,Gurjaani,,src/lib/georgian-cities.ts
georgianCities.jvari,Jvari,,src/lib/georgian-cities.ts
georgianCities.kakheti,Kakheti,,src/lib/georgian-cities.ts
georgianCities.kareli,Kareli,,src/lib/georgian-cities.ts
georgianCities.kaspi,Kaspi,,src/lib/georgian-cities.ts
georgianCities.keda,Keda,,src/lib/georgian-cities.ts
georgianCities.kharagauli,Kharagauli,,src/lib/georgian-cities.ts
georgianCities.khashuri,Khashuri,,src/lib/georgian-cities.ts
georgianCities.khelvachauri,Khelvachauri,,src/lib/georgian-cities.ts
georgianCities.khobi,Khobi,,src/lib/georgian-cities.ts
georgianCities.khoni,Khoni,,src/lib/georgian-cities.ts
georgianCities.khulo,Khulo,,src/lib/georgian-cities.ts
georgianCities.kobuleti,Kobuleti,,src/lib/georgian-cities.ts
georgianCities.kvareli,Kvareli,,src/lib/georgian-cities.ts
georgianCities.kvemoKartli,Kvemo Kartli,,src/lib/georgian-cities.ts
georgianCities.lagodekhi,Lagodekhi,,src/lib/georgian-cities.ts
georgianCities.lanchkhuti,Lanchkhuti,,src/lib/georgian-cities.ts
georgianCities.marneuli,Marneuli,,src/lib/admin/home-page-content.ts
georgianCities.martvili,Martvili,,src/lib/georgian-cities.ts
georgianCities.mestia,Mestia,,src/lib/georgian-cities.ts
georgianCities.mtskheta,Mtskheta,,src/lib/georgian-cities.ts
georgianCities.mtskhetaMtianeti,Mtskheta-Mtianeti,,src/lib/georgian-cities.ts
georgianCities.ninotsminda,Ninotsminda,,src/lib/georgian-cities.ts
georgianCities.oni,Oni,,src/lib/georgian-cities.ts
georgianCities.ozurgeti,Ozurgeti,,src/lib/georgian-cities.ts
georgianCities.poti,Poti,,src/lib/admin/home-page-content.ts
georgianCities.rachaLechkhumi,Racha-Lechkhumi,,src/lib/georgian-cities.ts
georgianCities.sachkhere,Sachkhere,,src/lib/georgian-cities.ts
georgianCities.sagarejo,Sagarejo,,src/lib/georgian-cities.ts
georgianCities.samegrelo,Samegrelo,,src/lib/georgian-cities.ts
georgianCities.samtredia,Samtredia,,src/lib/georgian-cities.ts
georgianCities.samtskheJavakheti,Samtskhe-Javakheti,,src/lib/georgian-cities.ts
georgianCities.senaki,Senaki,,src/lib/georgian-cities.ts
georgianCities.shidaKartli,Shida Kartli,,src/lib/georgian-cities.ts
georgianCities.shuakhevi,Shuakhevi,,src/lib/georgian-cities.ts
georgianCities.sighnaghi,Sighnaghi,,src/lib/georgian-cities.ts
georgianCities.svaneti,Svaneti,,src/lib/georgian-cities.ts
georgianCities.telavi,Telavi,,src/lib/admin/home-page-content.ts
georgianCities.terjola,Terjola,,src/lib/georgian-cities.ts
georgianCities.tetritsqaro,Tetritsqaro,,src/lib/georgian-cities.ts
georgianCities.tianeti,Tianeti,,src/lib/georgian-cities.ts
georgianCities.tkibuli,Tkibuli,,src/lib/georgian-cities.ts
georgianCities.tsageri,Tsageri,,src/lib/georgian-cities.ts
georgianCities.tsalenjikha,Tsalenjikha,,src/lib/georgian-cities.ts
georgianCities.tsalka,Tsalka,,src/lib/georgian-cities.ts
georgianCities.tskaltubo,Tskaltubo,,src/lib/georgian-cities.ts
georgianCities.vale,Vale,,src/lib/georgian-cities.ts
georgianCities.vani,Vani,,src/lib/georgian-cities.ts
georgianCities.zestaponi,Zestaponi,,src/lib/admin/home-page-content.ts
georgianCities.zugdidi,Zugdidi,,src/lib/admin/home-page-content.ts
georgianCities.adjara,Adjara,აჭარა,src/lib/georgian-cities.ts
georgianCities.batumi,Batumi,ბათუმი,src/lib/admin/home-page-content.ts
georgianCities.imereti,Imereti,იმერეთი,src/lib/georgian-cities.ts
georgianCities.kutaisi,Kutaisi,ქუთაისი,src/lib/admin/home-page-content.ts
georgianCities.rustavi,Rustavi,რუსთავი,src/lib/admin/home-page-content.ts
georgianCities.tbilisi,Tbilisi,თბილისი,src/lib/admin/home-page-content.ts
